location_id,location_name,obs_date,actual_ghi,gpr_ghi,gpr_lower,gpr_upper,persistence_ghi,linear_ghi,gpr_error,persistence_error,linear_error,inside_interval
3,"Jakarta, ID",2026-03-01,4.8938,4.0994,2.5729,5.6258,3.8942,3.8812,-0.7944,-0.9996,-1.0126,True
3,"Jakarta, ID",2026-03-02,3.57,4.4544,2.9291,5.9797,4.8938,4.3298,0.8844,1.3238,0.7598,True
3,"Jakarta, ID",2026-03-03,3.6019,4.0558,2.5289,5.5827,3.57,3.8364,0.4539,-0.0319,0.2345,True
3,"Jakarta, ID",2026-03-04,3.8731,4.0272,2.4974,5.557,3.6019,3.7473,0.1541,-0.2712,-0.1258,True
3,"Jakarta, ID",2026-03-05,2.6347,4.0845,2.5539,5.6151,3.8731,3.7944,1.4498,1.2384,1.1597,True
3,"Jakarta, ID",2026-03-06,3.199,3.7943,2.2443,5.3443,2.6347,3.3362,0.5953,-0.5643,0.1372,True
3,"Jakarta, ID",2026-03-07,3.0622,3.9219,2.3836,5.4602,3.199,3.5366,0.8597,0.1368,0.4744,True
3,"Jakarta, ID",2026-03-08,3.9108,3.9436,2.4073,5.4799,3.0622,3.6145,0.0328,-0.8486,-0.2963,True
3,"Jakarta, ID",2026-03-09,4.7177,4.1378,2.6092,5.6663,3.9108,3.8502,-0.5799,-0.8069,-0.8675,True
3,"Jakarta, ID",2026-03-10,5.0479,4.4309,2.9063,5.9556,4.7177,4.2641,-0.617,-0.3302,-0.7838,True
3,"Jakarta, ID",2026-03-11,5.6981,4.5822,3.0557,6.1086,5.0479,4.4607,-1.1159,-0.6502,-1.2374,True
3,"Jakarta, ID",2026-03-12,6.1296,4.8057,3.2655,6.3459,5.6981,4.6594,-1.3239,-0.4315,-1.4702,True
3,"Jakarta, ID",2026-03-13,6.6305,5.0021,3.4404,6.5638,6.1296,4.8685,-1.6284,-0.5009,-1.762,False
3,"Jakarta, ID",2026-03-14,6.4111,5.2629,3.6552,6.8705,6.6305,5.1955,-1.1482,0.2194,-1.2156,True
3,"Jakarta, ID",2026-03-15,5.94,5.1518,3.5664,6.7372,6.4111,5.0505,-0.7882,0.4711,-0.8895,True
3,"Jakarta, ID",2026-03-16,6.2446,4.9052,3.3535,6.4568,5.94,4.7433,-1.3394,-0.3046,-1.5013,True
3,"Jakarta, ID",2026-03-17,6.2686,5.0356,3.4691,6.6021,6.2446,4.8865,-1.233,-0.024,-1.3821,True
3,"Jakarta, ID",2026-03-18,6.0456,5.1232,3.5488,6.6976,6.2686,5.0479,-0.9224,0.223,-0.9977,True
3,"Jakarta, ID",2026-03-19,5.8625,5.007,3.4503,6.5637,6.0456,4.9138,-0.8555,0.1831,-0.9487,True
3,"Jakarta, ID",2026-03-20,6.025,4.9157,3.3679,6.4635,5.8625,4.7965,-1.1093,-0.1625,-1.2285,True
3,"Jakarta, ID",2026-03-21,4.8751,5.0208,3.4639,6.5777,6.025,4.9527,0.1457,1.1499,0.0776,True
3,"Jakarta, ID",2026-03-22,5.8099,4.5267,2.9994,6.0539,4.8751,4.3483,-1.2832,-0.9348,-1.4616,True
3,"Jakarta, ID",2026-03-23,5.5373,4.8227,3.2746,6.3708,5.8099,4.6069,-0.7146,0.2726,-0.9304,True
3,"Jakarta, ID",2026-03-24,4.9435,4.7578,3.2198,6.2957,5.5373,4.5743,-0.1857,0.5938,-0.3692,True
3,"Jakarta, ID",2026-03-25,4.038,4.5161,2.9869,6.0453,4.9435,4.2757,0.4781,0.9055,0.2377,True
3,"Jakarta, ID",2026-03-26,3.095,4.2458,2.718,5.7735,4.038,3.9567,1.1508,0.943,0.8617,True
3,"Jakarta, ID",2026-03-27,3.6967,4.0334,2.4954,5.5713,3.095,3.6623,0.3367,-0.6017,-0.0344,True
3,"Jakarta, ID",2026-03-28,4.0982,4.1651,2.6351,5.6951,3.6967,3.8474,0.0669,-0.4015,-0.2508,True
3,"Jakarta, ID",2026-03-29,5.2214,4.3314,2.8044,5.8583,4.0982,4.1305,-0.89,-1.1232,-1.0909,True
3,"Jakarta, ID",2026-03-30,5.0033,4.7456,3.2121,6.2791,5.2214,4.6686,-0.2577,0.2181,-0.3347,True
3,"Jakarta, ID",2026-03-31,4.644,4.6469,3.1171,6.1766,5.0033,4.5313,0.0029,0.3593,-0.1127,True
3,"Jakarta, ID",2026-04-01,5.1226,4.4783,2.9522,6.0045,4.644,4.2846,-0.6443,-0.4786,-0.838,True
3,"Jakarta, ID",2026-04-02,4.8271,4.6227,3.0922,6.1532,5.1226,4.4329,-0.2044,0.2955,-0.3942,True
3,"Jakarta, ID",2026-04-03,5.3606,4.6008,3.0716,6.1301,4.8271,4.5015,-0.7598,-0.5335,-0.8591,True
3,"Jakarta, ID",2026-04-04,4.3882,4.7648,3.2299,6.2998,5.3606,4.6476,0.3766,0.9724,0.2594,True
3,"Jakarta, ID",2026-04-05,4.5629,4.3769,2.8501,5.9037,4.3882,4.1404,-0.186,-0.1747,-0.4225,True
3,"Jakarta, ID",2026-04-06,4.3807,4.4218,2.8956,5.948,4.5629,4.1844,0.0411,0.1822,-0.1963,True
3,"Jakarta, ID",2026-04-07,4.8602,4.4331,2.9044,5.9618,4.3807,4.2696,-0.4271,-0.4795,-0.5906,True
3,"Jakarta, ID",2026-04-08,4.271,4.608,3.0786,6.1375,4.8602,4.5121,0.337,0.5892,0.2411,True
3,"Jakarta, ID",2026-04-09,2.9707,4.3838,2.8574,5.9102,4.271,4.2043,1.4131,1.3003,1.2336,True
3,"Jakarta, ID",2026-04-10,4.7813,3.9617,2.4184,5.5049,2.9707,3.5169,-0.8196,-1.8106,-1.2644,True
3,"Jakarta, ID",2026-04-11,4.8144,4.4682,2.9407,5.9958,4.7813,4.2192,-0.3462,-0.0331,-0.5952,True
3,"Jakarta, ID",2026-04-12,5.4334,4.5086,2.9822,6.035,4.8144,4.3042,-0.9248,-0.619,-1.1292,True
3,"Jakarta, ID",2026-04-13,5.4996,4.7775,3.2426,6.3123,5.4334,4.661,-0.7221,-0.0662,-0.8386,True
3,"Jakarta, ID",2026-04-14,4.7162,4.8016,3.2645,6.3386,5.4996,4.6779,0.0854,0.7834,-0.0383,True
3,"Jakarta, ID",2026-04-15,4.7738,4.5222,2.994,6.0503,4.7162,4.3771,-0.2516,-0.0576,-0.3967,True
3,"Jakarta, ID",2026-04-16,4.9486,4.5474,3.0211,6.0737,4.7738,4.4159,-0.4012,-0.1748,-0.5327,True
3,"Jakarta, ID",2026-04-17,4.4179,4.6166,3.0889,6.1443,4.9486,4.5048,0.1987,0.5307,0.0869,True
3,"Jakarta, ID",2026-04-18,4.5144,4.3374,2.8115,5.8632,4.4179,4.0803,-0.177,-0.0965,-0.4341,True
3,"Jakarta, ID",2026-04-19,5.033,4.4218,2.8934,5.9503,4.5144,4.249,-0.6112,-0.5186,-0.784,True
3,"Jakarta, ID",2026-04-20,4.7318,4.6415,3.1136,6.1693,5.033,4.545,-0.0903,0.3012,-0.1868,True
3,"Jakarta, ID",2026-04-21,4.7088,4.5414,3.01,6.0728,4.7318,4.4363,-0.1674,0.023,-0.2725,True
3,"Jakarta, ID",2026-04-22,4.4496,4.4915,2.9671,6.0159,4.7088,4.3506,0.0419,0.2592,-0.099,True
3,"Jakarta, ID",2026-04-23,4.3397,4.4218,2.8969,5.9467,4.4496,4.2922,0.0821,0.1099,-0.0475,True
3,"Jakarta, ID",2026-04-24,5.1667,4.3798,2.8557,5.9039,4.3397,4.2402,-0.7869,-0.827,-0.9265,True
3,"Jakarta, ID",2026-04-25,4.8444,4.6413,3.1071,6.1756,5.1667,4.4987,-0.2031,0.3223,-0.3457,True
3,"Jakarta, ID",2026-04-26,5.1108,4.4523,2.9268,5.9778,4.8444,4.2335,-0.6585,-0.2664,-0.8773,True
3,"Jakarta, ID",2026-04-27,4.9356,4.7269,3.193,6.2608,5.1108,4.7227,-0.2087,0.1752,-0.2129,True
3,"Jakarta, ID",2026-04-28,4.3198,4.5964,3.0705,6.1222,4.9356,4.5283,0.2766,0.6158,0.2085,True
3,"Jakarta, ID",2026-04-29,4.2622,4.3368,2.8139,5.8597,4.3198,4.1899,0.0746,0.0576,-0.0723,True
3,"Jakarta, ID",2026-04-30,4.3207,4.3402,2.8144,5.8661,4.2622,4.2271,0.0195,-0.0585,-0.0936,True
3,"Jakarta, ID",2026-05-01,5.0455,4.3157,2.7928,5.8386,4.3207,4.1559,-0.7298,-0.7248,-0.8896,True
3,"Jakarta, ID",2026-05-02,4.4938,4.5858,3.0606,6.111,5.0455,4.4868,0.092,0.5517,-0.007,True
3,"Jakarta, ID",2026-05-03,4.7215,4.4448,2.9199,5.9696,4.4938,4.4056,-0.2767,-0.2277,-0.3159,True
3,"Jakarta, ID",2026-05-04,3.4073,4.4781,2.9514,6.0049,4.7215,4.3904,1.0708,1.3142,0.9831,True
3,"Jakarta, ID",2026-05-05,3.8472,4.0353,2.5085,5.562,3.4073,3.8069,0.1881,-0.4399,-0.0403,True
3,"Jakarta, ID",2026-05-06,4.6145,4.1618,2.6382,5.6853,3.8472,4.0061,-0.4527,-0.7673,-0.6084,True
3,"Jakarta, ID",2026-05-07,4.1834,4.412,2.8859,5.938,4.6145,4.3136,0.2286,0.4311,0.1302,True
3,"Jakarta, ID",2026-05-08,4.6049,4.1902,2.6648,5.7156,4.1834,3.9974,-0.4147,-0.4215,-0.6075,True
3,"Jakarta, ID",2026-05-09,4.416,4.3674,2.8455,5.8893,4.6049,4.2474,-0.0486,0.1889,-0.1686,True
3,"Jakarta, ID",2026-05-10,4.7244,4.3609,2.8386,5.8831,4.416,4.3128,-0.3635,-0.3084,-0.4116,True
3,"Jakarta, ID",2026-05-11,4.698,4.4926,2.9607,6.0245,4.7244,4.4713,-0.2054,0.0264,-0.2267,True
3,"Jakarta, ID",2026-05-12,4.7287,4.3978,2.8716,5.9239,4.698,4.2991,-0.3309,-0.0307,-0.4296,True
3,"Jakarta, ID",2026-05-13,4.8022,4.481,2.9377,6.0243,4.7287,4.4434,-0.3212,-0.0735,-0.3588,True
3,"Jakarta, ID",2026-05-14,4.5046,4.5623,3.0208,6.1039,4.8022,4.5917,0.0577,0.2976,0.0871,True
3,"Jakarta, ID",2026-05-15,4.367,4.4318,2.9064,5.9571,4.5046,4.4866,0.0648,0.1376,0.1196,True
3,"Jakarta, ID",2026-05-16,3.0953,4.286,2.7649,5.8072,4.367,4.2397,1.1907,1.2717,1.1444,True
3,"Jakarta, ID",2026-05-17,4.0836,3.9343,2.4055,5.463,3.0953,3.8021,-0.1493,-0.9883,-0.2815,True
3,"Jakarta, ID",2026-05-18,5.1648,4.2098,2.6874,5.7323,4.0836,4.1873,-0.955,-1.0812,-0.9775,True
3,"Jakarta, ID",2026-05-19,4.5895,4.6131,3.0877,6.1385,5.1648,4.6002,0.0236,0.5753,0.0107,True
3,"Jakarta, ID",2026-05-20,3.5782,4.4615,2.9335,5.9895,4.5895,4.5497,0.8833,1.0113,0.9715,True
3,"Jakarta, ID",2026-05-21,4.9344,4.054,2.5294,5.5785,3.5782,4.0264,-0.8804,-1.3562,-0.908,True
3,"Jakarta, ID",2026-05-22,3.7562,4.5156,2.9926,6.0385,4.9344,4.5452,0.7594,1.1782,0.789,True
3,"Jakarta, ID",2026-05-23,3.8921,4.0767,2.5527,5.6007,3.7562,4.0603,0.1846,-0.1359,0.1682,True
3,"Jakarta, ID",2026-05-24,2.8486,4.1382,2.6149,5.6615,3.8921,4.1688,1.2896,1.0435,1.3202,True
3,"Jakarta, ID",2026-05-25,4.1023,3.9118,2.3744,5.4491,2.8486,3.9183,-0.1905,-1.2537,-0.184,True
3,"Jakarta, ID",2026-05-26,4.9958,4.1247,2.6034,5.646,4.1023,4.1037,-0.8711,-0.8935,-0.8921,True
3,"Jakarta, ID",2026-05-27,5.0227,4.5735,3.0484,6.0986,4.9958,4.6585,-0.4492,-0.0269,-0.3642,True
3,"Jakarta, ID",2026-05-28,5.3436,4.6122,3.0852,6.1392,5.0227,4.7209,-0.7314,-0.3209,-0.6227,True
3,"Jakarta, ID",2026-05-29,4.8581,4.8838,3.3349,6.4327,5.3436,5.0549,0.0257,0.4855,0.1968,True
3,"Jakarta, ID",2026-05-30,4.4453,4.6413,3.1033,6.1794,4.8581,4.8297,0.196,0.4128,0.3844,True
3,"Jakarta, ID",2026-05-31,3.8966,4.4131,2.8843,5.9419,4.4453,4.5956,0.5165,0.5487,0.699,True
2,"Melbourne, AU",2026-03-01,2.8625,4.2143,1.9648,6.4638,3.1956,4.7707,1.3518,0.3331,1.9082,True
2,"Melbourne, AU",2026-03-02,1.9145,5.269,3.0389,7.4991,2.8625,5.0502,3.3545,0.948,3.1357,False
2,"Melbourne, AU",2026-03-03,5.7914,5.1865,2.9714,7.4017,1.9145,5.3277,-0.6049,-3.8769,-0.4637,True
2,"Melbourne, AU",2026-03-04,5.0422,6.2181,4.016,8.4202,5.7914,6.134,1.1759,0.7492,1.0918,True
2,"Melbourne, AU",2026-03-05,7.2593,5.7001,3.4983,7.9018,5.0422,5.8907,-1.5592,-2.2171,-1.3686,True
2,"Melbourne, AU",2026-03-06,6.7166,5.8502,3.6332,8.0673,7.2593,6.1708,-0.8664,0.5427,-0.5458,True
2,"Melbourne, AU",2026-03-07,5.1821,5.5492,3.3408,7.7576,6.7166,5.8858,0.3671,1.5345,0.7037,True
2,"Melbourne, AU",2026-03-08,4.537,5.9207,3.7165,8.1248,5.1821,5.8178,1.3837,0.6451,1.2808,True
2,"Melbourne, AU",2026-03-09,6.0482,5.9493,3.741,8.1577,4.537,5.7739,-0.0989,-1.5112,-0.2743,True
2,"Melbourne, AU",2026-03-10,6.606,5.7419,3.5301,7.9537,6.0482,5.6954,-0.8641,-0.5578,-0.9106,True
2,"Melbourne, AU",2026-03-11,2.7053,4.7327,2.5015,6.9639,6.606,5.3532,2.0274,3.9007,2.6479,True
2,"Melbourne, AU",2026-03-12,3.9986,5.6907,3.4702,7.9112,2.7053,5.482,1.6921,-1.2933,1.4834,True
2,"Melbourne, AU",2026-03-13,5.6141,5.6049,3.3919,7.818,3.9986,5.7996,-0.0092,-1.6155,0.1855,True
2,"Melbourne, AU",2026-03-14,6.2544,6.0224,3.8144,8.2303,5.6141,5.978,-0.232,-0.6403,-0.2764,True
2,"Melbourne, AU",2026-03-15,5.2135,5.3194,3.1089,7.5298,6.2544,5.6696,0.1059,1.0409,0.4561,True
2,"Melbourne, AU",2026-03-16,2.2848,4.5035,2.2898,6.7172,5.2135,5.0022,2.2187,2.9287,2.7174,False
2,"Melbourne, AU",2026-03-17,2.4586,4.0047,1.7661,6.2433,2.2848,4.6875,1.5461,-0.1738,2.2289,True
2,"Melbourne, AU",2026-03-18,3.8393,4.5571,2.3472,6.767,2.4586,4.8958,0.7178,-1.3807,1.0565,True
2,"Melbourne, AU",2026-03-19,3.643,4.6043,2.3966,6.8119,3.8393,4.9405,0.9613,0.1963,1.2975,True
2,"Melbourne, AU",2026-03-20,5.7696,4.861,2.6571,7.0649,3.643,5.0533,-0.9086,-2.1266,-0.7163,True
2,"Melbourne, AU",2026-03-21,5.9318,5.0983,2.892,7.3047,5.7696,5.3384,-0.8335,-0.1622,-0.5934,True
2,"Melbourne, AU",2026-03-22,5.4034,5.1807,2.9738,7.3875,5.9318,5.3489,-0.2227,0.5284,-0.0545,True
2,"Melbourne, AU",2026-03-23,4.955,4.4035,2.1818,6.6253,5.4034,4.7392,-0.5515,0.4484,-0.2158,True
2,"Melbourne, AU",2026-03-24,3.0917,4.1312,1.8966,6.3659,4.955,4.606,1.0395,1.8633,1.5143,True
2,"Melbourne, AU",2026-03-25,3.624,4.3914,2.1771,6.6057,3.0917,4.4192,0.7674,-0.5323,0.7952,True
2,"Melbourne, AU",2026-03-26,3.3679,4.4322,2.2208,6.6436,3.624,4.4268,1.0643,0.2561,1.0589,True
2,"Melbourne, AU",2026-03-27,3.7258,4.8163,2.6011,7.0315,3.3679,5.115,1.0905,-0.3579,1.3892,True
2,"Melbourne, AU",2026-03-28,3.6982,4.5583,2.2791,6.8374,3.7258,5.376,0.8601,0.0276,1.6778,True
2,"Melbourne, AU",2026-03-29,5.5613,4.8557,2.6525,7.0589,3.6982,4.8977,-0.7056,-1.8631,-0.6636,True
2,"Melbourne, AU",2026-03-30,5.5858,4.6422,2.433,6.8515,5.5613,4.8549,-0.9436,-0.0245,-0.7309,True
2,"Melbourne, AU",2026-03-31,5.2867,4.4987,2.2773,6.7201,5.5858,4.719,-0.788,0.2991,-0.5677,True
2,"Melbourne, AU",2026-04-01,3.0638,4.6917,2.4701,6.9134,5.2867,4.6748,1.6279,2.2229,1.611,True
2,"Melbourne, AU",2026-04-02,5.1146,4.1693,1.9577,6.3809,3.0638,4.1186,-0.9453,-2.0508,-0.996,True
2,"Melbourne, AU",2026-04-03,4.0759,4.4768,2.2619,6.6918,5.1146,4.6358,0.4009,1.0387,0.5599,True
2,"Melbourne, AU",2026-04-04,5.3431,4.5164,2.314,6.7189,4.0759,4.5798,-0.8267,-1.2672,-0.7633,True
2,"Melbourne, AU",2026-04-05,4.633,4.9357,2.7287,7.1428,5.3431,4.98,0.3027,0.7101,0.347,True
2,"Melbourne, AU",2026-04-06,2.7535,3.8652,1.6543,6.0761,4.633,4.0485,1.1117,1.8795,1.295,True
2,"Melbourne, AU",2026-04-07,3.2234,3.5984,1.3829,5.8139,2.7535,3.6673,0.375,-0.4699,0.4439,True
2,"Melbourne, AU",2026-04-08,4.5146,4.0302,1.822,6.2384,3.2234,4.0155,-0.4844,-1.2912,-0.4991,True
2,"Melbourne, AU",2026-04-09,2.556,3.8299,1.6061,6.0538,4.5146,4.0798,1.2739,1.9586,1.5238,True
2,"Melbourne, AU",2026-04-10,3.4344,3.9285,1.6841,6.1729,2.556,3.9354,0.4941,-0.8784,0.501,True
2,"Melbourne, AU",2026-04-11,3.1157,4.0864,1.8642,6.3087,3.4344,4.4174,0.9707,0.3187,1.3017,True
2,"Melbourne, AU",2026-04-12,2.6714,4.1714,1.9505,6.3924,3.1157,4.729,1.5,0.4443,2.0576,True
2,"Melbourne, AU",2026-04-13,2.6904,3.9774,1.7613,6.1934,2.6714,4.4123,1.287,-0.019,1.7219,True
2,"Melbourne, AU",2026-04-14,2.394,4.08,1.8759,6.284,2.6904,4.1928,1.686,0.2964,1.7988,True
2,"Melbourne, AU",2026-04-15,3.139,3.684,1.4785,5.8895,2.394,3.7461,0.545,-0.745,0.6071,True
2,"Melbourne, AU",2026-04-16,4.0006,3.9166,1.7121,6.1211,3.139,3.994,-0.084,-0.8616,-0.0066,True
2,"Melbourne, AU",2026-04-17,3.4478,3.9465,1.7298,6.1632,4.0006,4.0167,0.4987,0.5528,0.5689,True
2,"Melbourne, AU",2026-04-18,4.1098,4.0893,1.8829,6.2957,3.4478,4.2918,-0.0205,-0.662,0.182,True
2,"Melbourne, AU",2026-04-19,4.1462,4.2488,2.0423,6.4553,4.1098,4.3568,0.1026,-0.0364,0.2106,True
2,"Melbourne, AU",2026-04-20,4.1964,3.6746,1.4434,5.9059,4.1462,3.7754,-0.5218,-0.0502,-0.421,True
2,"Melbourne, AU",2026-04-21,4.2079,3.8629,1.6384,6.0874,4.1964,3.9207,-0.345,-0.0115,-0.2872,True
2,"Melbourne, AU",2026-04-22,3.3809,3.7613,1.5162,6.0065,4.2079,3.8162,0.3804,0.827,0.4353,True
2,"Melbourne, AU",2026-04-23,4.1525,3.0783,0.8636,5.293,3.3809,2.9917,-1.0742,-0.7716,-1.1608,True
2,"Melbourne, AU",2026-04-24,4.0757,3.5431,1.2844,5.8017,4.1525,3.5779,-0.5326,0.0768,-0.4978,True
2,"Melbourne, AU",2026-04-25,4.1849,3.5796,1.3687,5.7905,4.0757,3.6247,-0.6053,-0.1092,-0.5602,True
2,"Melbourne, AU",2026-04-26,3.3991,3.6199,1.3954,5.8443,4.1849,3.7244,0.2208,0.7858,0.3253,True
2,"Melbourne, AU",2026-04-27,3.5273,3.073,0.8508,5.2951,3.3991,2.9354,-0.4543,-0.1282,-0.5919,True
2,"Melbourne, AU",2026-04-28,3.4039,3.4472,1.2328,5.6615,3.5273,3.4662,0.0433,0.1234,0.0623,True
2,"Melbourne, AU",2026-04-29,3.4171,2.961,0.7418,5.1802,3.4039,2.8992,-0.4561,-0.0132,-0.5179,True
2,"Melbourne, AU",2026-04-30,3.3667,2.6738,0.4355,4.9122,3.4171,2.5645,-0.6929,0.0504,-0.8022,True
2,"Melbourne, AU",2026-05-01,3.3499,2.8389,0.6202,5.0577,3.3667,2.679,-0.511,0.0168,-0.6709,True
2,"Melbourne, AU",2026-05-02,2.3446,2.767,0.5369,4.9972,3.3499,2.5374,0.4224,1.0053,0.1928,True
2,"Melbourne, AU",2026-05-03,1.1782,2.6074,0.3645,4.8503,2.3446,2.2405,1.4292,1.1664,1.0623,True
2,"Melbourne, AU",2026-05-04,2.2673,2.7085,0.4812,4.9357,1.1782,2.4955,0.4412,-1.0891,0.2282,True
2,"Melbourne, AU",2026-05-05,2.317,2.9514,0.7311,5.1718,2.2673,3.2769,0.6344,-0.0497,0.9599,True
2,"Melbourne, AU",2026-05-06,2.1197,2.8192,0.6129,5.0255,2.317,2.7626,0.6995,0.1973,0.6429,True
2,"Melbourne, AU",2026-05-07,2.5471,2.863,0.6575,5.0684,2.1197,2.9185,0.3159,-0.4274,0.3714,True
2,"Melbourne, AU",2026-05-08,2.5248,2.9167,0.7015,5.1319,2.5471,3.4763,0.3919,0.0223,0.9515,True
2,"Melbourne, AU",2026-05-09,2.8337,2.8556,0.6449,5.0663,2.5248,3.0791,0.0219,-0.3089,0.2454,True
2,"Melbourne, AU",2026-05-10,2.8781,3.0206,0.8136,5.2277,2.8337,3.1022,0.1425,-0.0444,0.2241,True
2,"Melbourne, AU",2026-05-11,3.479,2.9231,0.7163,5.1298,2.8781,2.8873,-0.5559,-0.6009,-0.5917,True
2,"Melbourne, AU",2026-05-12,3.3502,3.2791,1.047,5.5112,3.479,3.2569,-0.0711,0.1288,-0.0933,True
2,"Melbourne, AU",2026-05-13,3.1562,3.1271,0.8909,5.3633,3.3502,3.0875,-0.0291,0.194,-0.0687,True
2,"Melbourne, AU",2026-05-14,2.8366,2.9211,0.7006,5.1416,3.1562,2.8662,0.0845,0.3196,0.0296,True
2,"Melbourne, AU",2026-05-15,3.1457,2.7118,0.491,4.9325,2.8366,2.6015,-0.4339,-0.3091,-0.5442,True
2,"Melbourne, AU",2026-05-16,2.3474,2.5574,0.3432,4.7716,3.1457,2.4829,0.21,0.7983,0.1355,True
2,"Melbourne, AU",2026-05-17,1.212,2.1608,-0.0782,4.3998,2.3474,1.7542,0.9488,1.1354,0.5422,True
2,"Melbourne, AU",2026-05-18,1.1107,2.1214,-0.1142,4.357,1.212,1.7388,1.0107,0.1013,0.6281,True
2,"Melbourne, AU",2026-05-19,1.7662,2.2012,-0.0276,4.4301,1.1107,1.8758,0.435,-0.6555,0.1096,True
2,"Melbourne, AU",2026-05-20,1.9404,2.5651,0.3612,4.7689,1.7662,2.6997,0.6247,-0.1742,0.7593,True
2,"Melbourne, AU",2026-05-21,2.0026,2.4974,0.2941,4.7006,1.9404,2.6088,0.4948,-0.0622,0.6062,True
2,"Melbourne, AU",2026-05-22,3.1373,2.5923,0.3841,4.8006,2.0026,2.4807,-0.545,-1.1347,-0.6566,True
2,"Melbourne, AU",2026-05-23,1.7172,2.6563,0.4358,4.8769,3.1373,2.4833,0.9391,1.4201,0.7661,True
2,"Melbourne, AU",2026-05-24,1.2514,2.1249,-0.1057,4.3555,1.7172,1.7421,0.8735,0.4658,0.4907,True
2,"Melbourne, AU",2026-05-25,1.6282,2.0576,-0.184,4.2992,1.2514,1.6215,0.4294,-0.3768,-0.0067,True
2,"Melbourne, AU",2026-05-26,1.7558,1.9114,-0.343,4.1657,1.6282,1.3887,0.1556,-0.1276,-0.3671,True
2,"Melbourne, AU",2026-05-27,1.589,2.0053,-0.2164,4.227,1.7558,1.6791,0.4163,0.1668,0.0901,True
2,"Melbourne, AU",2026-05-28,2.4084,2.0328,-0.1845,4.2502,1.589,1.7484,-0.3756,-0.8194,-0.66,True
2,"Melbourne, AU",2026-05-29,1.945,2.3309,0.1215,4.5404,2.4084,2.2718,0.3859,0.4634,0.3268,True
2,"Melbourne, AU",2026-05-30,1.6584,2.1207,-0.0882,4.3295,1.945,1.8573,0.4623,0.2866,0.1989,True
2,"Melbourne, AU",2026-05-31,2.0702,2.1039,-0.1021,4.3099,1.6584,2.1691,0.0337,-0.4118,0.0989,True
1,"Phoenix, AZ, USA",2026-03-01,5.4194,4.8666,3.4629,6.2703,5.297,4.793,-0.5528,-0.1224,-0.6264,True
1,"Phoenix, AZ, USA",2026-03-02,5.6294,5.0632,3.6604,6.466,5.4194,4.9771,-0.5662,-0.21,-0.6523,True
1,"Phoenix, AZ, USA",2026-03-03,5.9846,5.1408,3.7405,6.5411,5.6294,5.0505,-0.8438,-0.3552,-0.9341,True
1,"Phoenix, AZ, USA",2026-03-04,5.8471,5.4246,4.0233,6.8259,5.9846,5.3686,-0.4225,0.1375,-0.4785,True
1,"Phoenix, AZ, USA",2026-03-05,5.7974,5.3143,3.9155,6.713,5.8471,5.2648,-0.4831,0.0497,-0.5326,True
1,"Phoenix, AZ, USA",2026-03-06,6.2333,5.3733,3.9745,6.7721,5.7974,5.2627,-0.86,-0.4359,-0.9706,True
1,"Phoenix, AZ, USA",2026-03-07,5.8918,5.6524,4.2541,7.0508,6.2333,5.6043,-0.2394,0.3415,-0.2875,True
1,"Phoenix, AZ, USA",2026-03-08,5.9779,5.4343,4.0359,6.8327,5.8918,5.3332,-0.5436,-0.0861,-0.6447,True
1,"Phoenix, AZ, USA",2026-03-09,5.2243,5.5793,4.1787,6.9799,5.9779,5.4378,0.355,0.7536,0.2135,True
1,"Phoenix, AZ, USA",2026-03-10,5.0369,5.422,4.0236,6.8204,5.2243,5.2653,0.3851,0.1874,0.2284,True
1,"Phoenix, AZ, USA",2026-03-11,6.1289,5.5158,4.1184,6.9133,5.0369,5.3166,-0.6131,-1.092,-0.8123,True
1,"Phoenix, AZ, USA",2026-03-12,6.3902,6.0222,4.6177,7.4266,6.1289,5.8864,-0.368,-0.2613,-0.5038,True
1,"Phoenix, AZ, USA",2026-03-13,6.4498,5.9526,4.5509,7.3544,6.3902,5.8151,-0.4972,-0.0596,-0.6347,True
1,"Phoenix, AZ, USA",2026-03-14,5.8836,5.742,4.3403,7.1437,6.4498,5.6622,-0.1416,0.5662,-0.2214,True
1,"Phoenix, AZ, USA",2026-03-15,5.9551,5.5401,4.1396,6.9407,5.8836,5.4296,-0.415,-0.0715,-0.5255,True
1,"Phoenix, AZ, USA",2026-03-16,6.2798,5.4543,4.053,6.8555,5.9551,5.3755,-0.8255,-0.3247,-0.9043,True
1,"Phoenix, AZ, USA",2026-03-17,6.3773,5.5594,4.1577,6.9611,6.2798,5.4744,-0.8179,-0.0975,-0.9029,True
1,"Phoenix, AZ, USA",2026-03-18,6.5441,5.7834,4.3813,7.1855,6.3773,5.6815,-0.7607,-0.1668,-0.8626,True
1,"Phoenix, AZ, USA",2026-03-19,6.7255,6.2017,4.7938,7.6095,6.5441,6.0047,-0.5238,-0.1814,-0.7208,True
1,"Phoenix, AZ, USA",2026-03-20,6.785,6.2286,4.8174,7.6397,6.7255,6.0425,-0.5564,-0.0595,-0.7425,True
1,"Phoenix, AZ, USA",2026-03-21,6.7519,6.2787,4.8671,7.6903,6.785,6.0942,-0.4732,0.0331,-0.6577,True
1,"Phoenix, AZ, USA",2026-03-22,5.9038,6.1429,4.7333,7.5524,6.7519,5.994,0.2391,0.8481,0.0902,True
1,"Phoenix, AZ, USA",2026-03-23,6.6202,5.511,4.0956,6.9263,5.9038,5.4339,-1.1092,-0.7164,-1.1863,True
1,"Phoenix, AZ, USA",2026-03-24,6.8189,5.9992,4.5928,7.4056,6.6202,5.906,-0.8197,-0.1987,-0.9129,True
1,"Phoenix, AZ, USA",2026-03-25,6.9254,6.3496,4.9432,7.7559,6.8189,6.1909,-0.5758,-0.1065,-0.7345,True
1,"Phoenix, AZ, USA",2026-03-26,7.1232,6.5446,5.1363,7.9529,6.9254,6.3487,-0.5786,-0.1978,-0.7745,True
1,"Phoenix, AZ, USA",2026-03-27,7.0634,6.5912,5.1819,8.0005,7.1232,6.4157,-0.4722,0.0598,-0.6477,True
1,"Phoenix, AZ, USA",2026-03-28,6.3458,6.5529,5.1464,7.9594,7.0634,6.3743,0.2071,0.7176,0.0285,True
1,"Phoenix, AZ, USA",2026-03-29,5.1082,5.8934,4.4839,7.3029,6.3458,5.7542,0.7852,1.2376,0.646,True
1,"Phoenix, AZ, USA",2026-03-30,5.7542,5.5316,4.1171,6.9461,5.1082,5.3704,-0.2226,-0.646,-0.3838,True
1,"Phoenix, AZ, USA",2026-03-31,4.2024,5.8299,4.4222,7.2376,5.7542,5.6985,1.6275,1.5518,1.4961,False
1,"Phoenix, AZ, USA",2026-04-01,6.4111,5.4952,4.0767,6.9138,4.2024,5.2439,-0.9159,-2.2087,-1.1672,True
1,"Phoenix, AZ, USA",2026-04-02,5.8114,6.2714,4.8701,7.6728,6.4111,6.1222,0.46,0.5997,0.3108,True
1,"Phoenix, AZ, USA",2026-04-03,6.8832,6.4973,5.0985,7.896,5.8114,6.247,-0.3859,-1.0718,-0.6362,True
1,"Phoenix, AZ, USA",2026-04-04,7.3414,6.4835,5.0839,7.883,6.8832,6.4029,-0.8579,-0.4582,-0.9385,True
1,"Phoenix, AZ, USA",2026-04-05,6.4831,6.6247,5.2251,8.0244,7.3414,6.5371,0.1416,0.8583,0.054,True
1,"Phoenix, AZ, USA",2026-04-06,3.1543,6.2121,4.8065,7.6177,6.4831,6.1094,3.0578,3.3288,2.9551,False
1,"Phoenix, AZ, USA",2026-04-07,7.1678,5.7809,4.3651,7.1966,3.1543,5.3482,-1.3869,-4.0135,-1.8196,True
1,"Phoenix, AZ, USA",2026-04-08,7.1486,7.1214,5.7189,8.5238,7.1678,6.9021,-0.0272,0.0192,-0.2465,True
1,"Phoenix, AZ, USA",2026-04-09,6.011,7.1691,5.763,8.5753,7.1486,6.9423,1.1581,1.1376,0.9313,True
1,"Phoenix, AZ, USA",2026-04-10,5.622,6.3326,4.928,7.7372,6.011,6.2053,0.7106,0.389,0.5833,True
1,"Phoenix, AZ, USA",2026-04-11,7.4906,6.1235,4.7155,7.5314,5.622,6.0222,-1.3671,-1.8686,-1.4684,True
1,"Phoenix, AZ, USA",2026-04-12,4.6889,6.8471,5.4467,8.2474,7.4906,6.7655,2.1582,2.8017,2.0766,False
1,"Phoenix, AZ, USA",2026-04-13,5.8135,6.0907,4.6796,7.5019,4.6889,5.8809,0.2772,-1.1246,0.0674,True
1,"Phoenix, AZ, USA",2026-04-14,7.6546,6.2341,4.8257,7.6426,5.8135,6.152,-1.4205,-1.8411,-1.5026,False
1,"Phoenix, AZ, USA",2026-04-15,7.6925,7.4331,6.0308,8.8354,7.6546,7.3063,-0.2594,-0.0379,-0.3862,True
1,"Phoenix, AZ, USA",2026-04-16,5.394,7.497,6.0947,8.8993,7.6925,7.3411,2.103,2.2985,1.9471,False
1,"Phoenix, AZ, USA",2026-04-17,7.7578,6.5148,5.111,7.9186,5.394,6.3761,-1.243,-2.3638,-1.3817,True
1,"Phoenix, AZ, USA",2026-04-18,7.8593,7.4792,6.0788,8.8795,7.7578,7.3476,-0.3801,-0.1015,-0.5117,True
1,"Phoenix, AZ, USA",2026-04-19,5.8697,7.4558,6.0555,8.8561,7.8593,7.3106,1.5861,1.9896,1.4409,False
1,"Phoenix, AZ, USA",2026-04-20,7.4189,6.1239,4.6969,7.5508,5.8697,6.068,-1.295,-1.5492,-1.3509,True
1,"Phoenix, AZ, USA",2026-04-21,7.5974,6.9423,5.5407,8.3439,7.4189,6.9489,-0.6551,-0.1785,-0.6485,True
1,"Phoenix, AZ, USA",2026-04-22,7.326,6.7274,5.3244,8.1305,7.5974,6.8207,-0.5986,0.2714,-0.5053,True
1,"Phoenix, AZ, USA",2026-04-23,6.911,7.0549,5.655,8.4549,7.326,7.0341,0.1439,0.415,0.1231,True
1,"Phoenix, AZ, USA",2026-04-24,7.5437,6.9059,5.5041,8.3076,6.911,6.9262,-0.6378,-0.6327,-0.6175,True
1,"Phoenix, AZ, USA",2026-04-25,4.6865,7.2678,5.8688,8.6667,7.5437,7.2412,2.5813,2.8572,2.5547,False
1,"Phoenix, AZ, USA",2026-04-26,6.8839,6.4249,5.0112,7.8386,4.6865,6.3123,-0.459,-2.1974,-0.5716,True
1,"Phoenix, AZ, USA",2026-04-27,8.1235,7.2166,5.8097,8.6235,6.8839,7.0999,-0.9069,-1.2396,-1.0236,True
1,"Phoenix, AZ, USA",2026-04-28,8.0275,7.8238,6.422,9.2256,8.1235,7.73,-0.2037,0.096,-0.2975,True
1,"Phoenix, AZ, USA",2026-04-29,7.338,7.4988,6.0987,8.8989,8.0275,7.5399,0.1608,0.6895,0.2019,True
1,"Phoenix, AZ, USA",2026-04-30,7.1561,6.9366,5.5329,8.3404,7.338,7.0783,-0.2195,0.1819,-0.0778,True
1,"Phoenix, AZ, USA",2026-05-01,8.2574,7.2268,5.8264,8.6271,7.1561,7.2401,-1.0306,-1.1013,-1.0173,True
1,"Phoenix, AZ, USA",2026-05-02,7.8406,7.9445,6.5445,9.3446,8.2574,7.8464,0.1039,0.4168,0.0058,True
1,"Phoenix, AZ, USA",2026-05-03,6.9694,7.3563,5.9567,8.7559,7.8406,7.3953,0.3869,0.8712,0.4259,True
1,"Phoenix, AZ, USA",2026-05-04,4.1765,6.7367,5.3182,8.1552,6.9694,6.7942,2.5602,2.7929,2.6177,False
1,"Phoenix, AZ, USA",2026-05-05,7.0116,6.4702,5.0472,7.8932,4.1765,6.3551,-0.5414,-2.8351,-0.6565,True
1,"Phoenix, AZ, USA",2026-05-06,8.0472,7.3357,5.9312,8.7402,7.0116,7.3341,-0.7115,-1.0356,-0.7131,True
1,"Phoenix, AZ, USA",2026-05-07,8.202,8.1459,6.7437,9.548,8.0472,8.0382,-0.0561,-0.1548,-0.1638,True
1,"Phoenix, AZ, USA",2026-05-08,8.0213,8.0026,6.604,9.4012,8.202,7.9223,-0.0187,0.1807,-0.099,True
1,"Phoenix, AZ, USA",2026-05-09,8.011,8.0762,6.6766,9.4759,8.0213,7.9297,0.0652,0.0103,-0.0813,True
1,"Phoenix, AZ, USA",2026-05-10,7.8684,8.0728,6.6726,9.4731,8.011,7.9241,0.2044,0.1426,0.0557,True
1,"Phoenix, AZ, USA",2026-05-11,7.7578,8.0841,6.6833,9.4849,7.8684,7.9203,0.3263,0.1106,0.1625,True
1,"Phoenix, AZ, USA",2026-05-12,7.4945,8.0803,6.6781,9.4825,7.7578,7.894,0.5858,0.2633,0.3995,True
1,"Phoenix, AZ, USA",2026-05-13,7.3406,7.7269,6.3265,9.1273,7.4945,7.6634,0.3863,0.1539,0.3228,True
1,"Phoenix, AZ, USA",2026-05-14,8.2896,7.4654,6.0658,8.8651,7.3406,7.5386,-0.8242,-0.949,-0.751,True
1,"Phoenix, AZ, USA",2026-05-15,8.1425,8.2043,6.8054,9.6032,8.2896,8.1126,0.0618,0.1471,-0.0299,True
1,"Phoenix, AZ, USA",2026-05-16,8.119,8.247,6.8483,9.6458,8.1425,8.1446,0.128,0.0235,0.0256,True
1,"Phoenix, AZ, USA",2026-05-17,7.5869,8.2156,6.8154,9.6158,8.119,8.0829,0.6287,0.5321,0.496,True
1,"Phoenix, AZ, USA",2026-05-18,8.1346,7.7895,6.3872,9.1918,7.5869,7.7526,-0.3451,-0.5477,-0.382,True
1,"Phoenix, AZ, USA",2026-05-19,7.9697,8.2015,6.8023,9.6006,8.1346,8.1561,0.2318,0.1649,0.1864,True
1,"Phoenix, AZ, USA",2026-05-20,8.5202,7.5163,6.1164,8.9161,7.9697,7.7402,-1.0039,-0.5505,-0.78,True
1,"Phoenix, AZ, USA",2026-05-21,8.3234,8.1611,6.7641,9.5581,8.5202,8.2107,-0.1623,0.1968,-0.1127,True
1,"Phoenix, AZ, USA",2026-05-22,8.1787,8.3766,6.9776,9.7755,8.3234,8.329,0.1979,0.1447,0.1503,True
1,"Phoenix, AZ, USA",2026-05-23,8.2783,8.3874,6.989,9.7858,8.1787,8.3132,0.1091,-0.0996,0.0349,True
1,"Phoenix, AZ, USA",2026-05-24,8.2483,8.3906,6.9926,9.7887,8.2783,8.3309,0.1423,0.03,0.0826,True
1,"Phoenix, AZ, USA",2026-05-25,7.7909,8.1921,6.7954,9.5889,8.2483,8.2247,0.4012,0.4574,0.4338,True
1,"Phoenix, AZ, USA",2026-05-26,8.1907,8.06,6.6628,9.4572,7.7909,8.1056,-0.1307,-0.3998,-0.0851,True
1,"Phoenix, AZ, USA",2026-05-27,8.4552,8.1774,6.7811,9.5737,8.1907,8.1931,-0.2778,-0.2645,-0.2621,True
1,"Phoenix, AZ, USA",2026-05-28,8.0748,8.3908,6.9887,9.7929,8.4552,8.3373,0.316,0.3804,0.2625,True
1,"Phoenix, AZ, USA",2026-05-29,8.593,8.0541,6.6562,9.4521,8.0748,8.125,-0.5389,-0.5182,-0.468,True
1,"Phoenix, AZ, USA",2026-05-30,8.556,8.4685,7.0669,9.8701,8.593,8.4669,-0.0875,0.037,-0.0891,True
1,"Phoenix, AZ, USA",2026-05-31,8.4761,8.5251,7.1249,9.9253,8.556,8.5325,0.049,0.0799,0.0564,True
